Ticker,FirstMention,Frequency,Status
SIVE,2026-03-16 16:54:18,324,Related
LITE,2025-12-22 16:27:15,248,Related
NVDA,2025-12-22 16:27:15,234,Related
AXTI,2025-12-26 23:08:13,227,Related
AAOI,2025-12-23 08:22:48,193,Related
COHR,2025-12-22 16:27:15,133,Related
SOI,2026-03-11 23:18:28,131,Related
MRVL,2026-01-02 20:46:56,115,Related
SNDK,2026-01-21 16:44:48,106,Related
GOOGL,2025-12-22 16:27:15,105,Related
TSM,2025-12-22 16:27:15,102,Related
IQE,2026-01-19 02:38:48,98,Related
AMZN,2025-12-22 16:27:15,98,Related
MSFT,2025-11-18 00:12:21,97,Related
MU,2026-01-02 20:46:56,94,Related
META,2025-11-18 00:12:21,88,Related
AVGO,2025-12-22 16:27:15,88,Related
TSEM,2026-02-11 11:05:38,82,Related
INTC,2026-01-01 20:50:48,80,Related
NBIS,2025-11-18 00:12:21,74,Related
JBL,2026-03-19 14:58:23,71,Related
POET,2026-01-01 20:50:48,69,Related
EWY,2026-01-13 08:52:08,68,Related
IREN,2025-11-18 00:12:21,61,Related
AEHR,2026-01-16 15:57:59,60,Related
AMD,2026-01-01 20:50:48,53,Related
RPI,2026-02-16 23:12:37,47,Related
MTSI,2026-01-10 23:48:57,45,Related
HOOD,2026-01-01 20:50:48,41,Unrelated
RDDT,2026-01-02 20:46:56,40,Unrelated
CRCL,2026-01-01 20:50:48,39,Unrelated
LPK,2026-04-03 11:21:21,38,Related
ARM,2026-03-25 03:56:18,34,Related
TSLA,2026-01-01 20:50:48,34,Related
RKLB,2026-01-01 20:50:48,34,Unrelated
XFAB,2026-05-27 15:29:00,32,Related
AAPL,2026-02-18 07:37:34,32,Related
VPG,2026-01-21 01:28:02,31,Related
HIMS,2026-01-02 20:46:56,29,Unrelated
GFS,2026-01-20 06:23:23,27,Related
FN,2026-02-25 20:41:36,26,Related
ALRIB,2026-04-09 01:21:19,26,Related
ORCL,2025-11-18 00:12:21,24,Related
LPTH,2026-01-15 01:53:03,22,Related
HPS.A,2026-04-07 22:13:19,21,Unknown
NOK,2026-03-14 05:59:20,20,Related
NVTS,2026-03-24 10:09:07,19,Related
OSS,2026-01-02 20:46:56,17,Related
AVAV,2026-01-03 17:43:52,17,Unrelated
AMKR,2026-01-02 20:46:56,17,Related
XLU,2026-02-20 02:48:04,16,Related
IBKR,2026-01-26 06:16:17,16,Unrelated
LWLG,2026-03-16 16:54:18,15,Related
SIVEF,2026-03-18 12:40:34,15,Related
PLTR,2026-01-02 20:46:56,14,Related
LASR,2026-01-24 06:24:24,14,Related
CRWV,2025-11-18 00:12:21,14,Related
WOLF,2026-01-19 02:38:48,14,Related
ONDS,2026-01-01 20:50:48,14,Unrelated
CVX,2026-01-04 00:31:04,14,Unrelated
NVO,2026-02-07 06:38:12,13,Unrelated
AEVA,2026-02-10 02:24:50,12,Related
GLW,2026-02-07 18:53:42,12,Related
CRDO,2026-01-01 20:50:48,12,Related
ONTO,2026-01-23 00:02:53,12,Related
VLN,2026-01-09 22:45:15,12,Related
APPL,2026-01-14 16:23:19,12,Related
PYPL,2026-01-01 20:50:48,11,Unrelated
SNAP,2026-01-02 20:46:56,11,Unrelated
SMCI,2026-01-02 20:46:56,11,Related
FORM,2026-01-23 00:02:53,11,Related
SLOIF,2026-03-02 04:20:10,11,Related
TER,2026-01-23 00:02:53,11,Related
ETOR,2026-01-02 20:46:56,10,Unrelated
BKKT,2026-01-21 20:09:19,10,Unrelated
RTX,2026-01-03 17:43:52,10,Unrelated
VRT,2026-02-05 06:48:03,10,Related
AIRO,2026-01-02 20:46:56,10,Unrelated
ASML,2026-02-27 01:55:14,10,Related
CIFR,2025-11-18 00:12:21,10,Related
VICR,2026-01-16 15:57:59,9,Related
ASX,2026-01-25 04:46:07,9,Related
KRKNF,2026-01-02 20:46:56,9,Unrelated
FLNC,2026-02-15 23:48:07,9,Related
COIN,2026-01-25 00:16:57,9,Unrelated
HIMX,2026-03-14 05:59:20,8,Related
BMNR,2026-01-02 20:46:56,8,Unrelated
SMTC,2026-01-23 00:02:53,8,Related
MP,2026-01-16 15:57:59,8,Unrelated
POWL,2026-04-09 18:27:36,8,Related
IBIT,2026-01-25 00:16:57,8,Unrelated
CAMT,2026-02-07 18:53:42,7,Related
SIMO,2026-02-16 17:09:30,7,Related
ASST,2026-02-17 16:25:06,7,Unrelated
POWI,2026-05-27 10:49:43,7,Related
GDRZF,2026-01-04 18:18:01,7,Unrelated
SPY,2026-03-23 16:56:49,7,Unrelated
ETN,2026-02-07 18:53:42,7,Related
CODA,2026-01-19 02:38:48,6,Unrelated
CSCO,2026-01-01 20:50:48,6,Related
KEYS,2026-03-17 20:38:10,6,Related
SMTOY,2025-12-26 23:08:13,6,Related
DUOL,2026-02-04 17:00:03,6,Unrelated
CEG,2026-02-15 23:48:07,6,Related
STM,2026-02-07 21:44:23,6,Related
VCX,2026-03-26 19:59:27,6,Unrelated
KLAC,2026-01-23 00:02:53,6,Related
RGTI,2026-01-02 20:46:56,6,Related
VNP,2026-01-19 02:38:48,6,Related
APH,2026-02-07 18:53:42,6,Related
MSTR,2026-01-05 01:50:58,6,Unrelated
PLAB,2026-01-19 02:38:48,5,Related
ALAB,2026-01-01 20:50:48,5,Related
AMAT,2026-01-25 04:46:07,5,Related
DRAM,2026-04-03 10:35:36,5,Related
AMC,2026-03-07 02:53:19,5,Unrelated
ERIC,2026-03-24 11:51:08,5,Related
ETH,2026-01-02 20:46:56,5,Unrelated
QLCM,2026-02-07 18:53:42,5,Related
NOC,2026-01-13 18:57:40,5,Unrelated
NEE,2026-02-15 23:48:07,5,Related
ASPI,2026-04-03 11:21:21,5,Unrelated
ASTS,2026-01-01 20:50:48,5,Unrelated
YSS,2026-05-01 14:02:46,5,Related
MTRN,2026-01-19 02:38:48,5,Related
AMSC,2026-04-23 03:12:29,5,Related
FIG,2026-01-25 00:16:57,5,Unrelated
USAR,2026-01-26 23:14:41,5,Related
VECO,2026-01-23 00:02:53,5,Related
TTD,2026-01-02 20:46:56,5,Unrelated
PLPC,2026-04-23 03:12:29,4,Related
WULF,2025-11-18 00:12:21,4,Related
ALMU,2026-01-17 16:07:09,4,Related
GLXY,2026-01-02 20:46:56,4,Unrelated
ON,2026-02-07 18:53:42,4,Related
LMT,2026-01-30 01:09:02,4,Unrelated
SPCX,2026-05-26 01:49:06,4,Unrelated
EOS,2026-04-03 11:21:21,4,Related
BA,2026-01-03 17:43:52,4,Unrelated
SLV,2026-01-26 23:14:41,4,Unrelated
BULL,2026-01-02 20:46:56,4,Unrelated
FLY,2026-01-02 20:46:56,4,Unrelated
PL,2026-03-21 00:03:20,4,Related
KORU,2026-02-13 20:16:49,4,Related
PINS,2026-02-13 08:36:35,4,Unrelated
FLKR,2026-01-13 08:52:08,4,Related
PENG,2026-05-15 22:49:56,4,Related
LPKFF,2026-01-19 02:38:48,4,Related
VST,2026-02-15 23:48:07,4,Related
AMBA,2026-01-16 15:57:59,4,Related
MOG.A,2026-04-09 18:27:36,4,Unknown
CPSH,2026-01-19 02:38:48,4,Related
HII,2026-01-03 17:43:52,4,Unrelated
JPM,2026-02-01 19:14:21,4,Unrelated
BOT,2026-05-13 07:00:30,4,Related
INFQ,2026-02-18 22:54:07,3,Related
FISV,2026-01-02 20:46:56,3,Unrelated
KLIC,2026-02-25 01:02:29,3,Related
MXL,2026-03-17 20:38:10,3,Related
MITK,2026-04-03 11:21:21,3,Unrelated
NBCLF,2026-01-23 09:09:49,3,Related
SLNH,2025-11-18 00:12:21,3,Related
QURE,2026-04-03 11:21:21,3,Unrelated
NEO,2026-03-23 15:37:02,3,Related
OUST,2026-01-16 15:57:59,3,Related
OPTT,2026-03-11 03:48:32,3,Unrelated
HGRAF,2026-04-03 11:21:21,3,Unrelated
FCX,2026-01-26 23:14:41,3,Related
RVI,2026-02-18 10:16:13,3,Unrelated
LSCC,2026-01-10 23:48:57,3,Related
SKYT,2026-01-05 20:34:29,3,Related
SOFI,2026-01-01 20:50:48,3,Unrelated
AA,2026-01-26 23:14:41,3,Related
UAMY,2026-01-26 23:14:41,3,Related
TOWA,2026-04-30 05:40:20,3,Related
TE,2026-01-05 20:34:29,3,Related
AIXA,2026-03-20 16:56:10,3,Related
ASHM,2026-01-04 00:31:04,3,Unrelated
TECK,2026-01-26 23:14:41,3,Related
DPRO,2026-01-20 22:35:20,3,Unrelated
ALCJ,2026-04-03 11:21:21,3,Unrelated
UMAC,2026-01-15 01:53:03,3,Unrelated
DELL,2026-01-07 22:37:26,3,Related
ALM,2026-01-26 23:14:41,3,Related
TMC,2026-04-03 11:21:21,3,Unrelated
BTC,2026-01-05 01:50:58,3,Unrelated
ATEYY,2026-04-06 01:24:11,3,Related
TRGP,2026-01-04 00:31:04,3,Unrelated
TRT,2026-04-03 11:21:21,3,Related
WATT,2026-04-03 11:21:21,3,Unrelated
WDC,2026-02-16 17:09:30,3,Related
COPX,2026-01-25 00:16:57,3,Related
TXN,2026-04-23 02:27:07,3,Related
CIEN,2026-03-17 20:38:10,3,Related
U,2026-02-10 02:24:50,3,Related
UMC,2026-03-17 20:38:10,3,Related
BZAI,2026-04-03 11:21:21,3,Related
TDY,2026-01-19 02:38:48,3,Related
BOA,2026-01-01 20:50:48,3,Unrelated
ADUR,2026-04-03 11:21:21,3,Unrelated
BESI,2026-01-25 04:46:07,3,Related
BE,2026-02-15 23:48:07,3,Related
V,2026-01-01 20:50:48,3,Unrelated
VLO,2026-01-03 17:43:52,3,Unrelated
EONR,2026-04-03 11:21:21,3,Unrelated
VIAV,2026-03-17 20:38:10,3,Related
EQR,2026-04-03 11:21:21,3,Unrelated
ENVX,2026-04-03 11:21:21,3,Unrelated
ENAFF,2026-04-03 11:21:21,3,Unrelated
ATKR,2026-04-23 03:12:29,3,Related
KTOS,2026-01-13 18:57:40,2,Unrelated
KRUS,2026-05-17 23:39:47,2,Unrelated
MPWR,2026-02-07 18:53:42,2,Related
MRAM,2026-03-24 10:09:07,2,Related
APLD,2025-11-18 00:12:21,2,Related
LAC,2026-01-26 23:14:41,2,Unrelated
KOSPI,2026-02-27 08:51:39,2,Related
UNH,2026-01-27 23:01:14,2,Unrelated
NOVT,2026-01-16 15:57:59,2,Related
LCID,2026-03-28 14:31:23,2,Unrelated
BABA,2026-02-02 12:49:49,2,Related
SHMD,2026-04-21 12:43:57,2,Related
MOD,2026-02-07 18:53:42,2,Related
VSH,2026-04-23 03:12:29,2,Related
NKE,2026-04-01 23:52:24,2,Unrelated
ASE,2026-04-06 01:24:11,2,Related
RDW,2026-01-19 02:38:48,2,Unrelated
BIRD,2026-04-17 11:52:40,2,Unrelated
LRCX,2026-04-30 09:00:27,2,Related
BESIY,2026-02-07 18:53:42,2,Related
ATOM,2026-03-24 10:09:07,2,Related
LPKK,2026-04-21 12:43:57,2,Related
LPKF,2026-04-29 02:44:53,2,Related
SANM,2026-03-26 16:33:42,2,Related
BRK.A,2026-06-02 07:51:46,2,Unknown
MIND,2026-03-11 03:48:32,2,Unrelated
VELO,2026-01-25 00:16:57,2,Unrelated
LNG,2026-03-04 16:15:11,2,Unrelated
VMI,2026-04-23 03:12:29,2,Related
MKSI,2026-01-19 02:38:48,2,Related
CAR,2026-04-21 09:12:34,2,Unrelated
SBGSY,2026-02-07 18:53:42,2,Related
KLA,2026-05-01 14:02:46,2,Related
GHM,2026-01-04 00:31:04,2,Unrelated
SMHN,2026-03-17 20:38:10,2,Related
OI,2026-01-04 11:06:30,2,Unrelated
QBTS,2026-01-02 20:46:56,2,Related
TEL,2026-03-17 20:38:10,2,Related
AEIS,2026-04-23 03:12:29,2,Related
XOM,2026-01-04 11:06:30,2,Unrelated
SOL,2026-01-30 23:45:18,2,Unrelated
ADBE,2026-03-13 10:49:40,2,Unrelated
GEV,2026-02-07 15:12:56,2,Related
HUT,2026-01-01 20:50:48,2,Related
SPCE,2026-05-31 03:31:56,2,Unrelated
SPIR,2026-03-14 10:08:42,2,Unrelated
SPXC,2026-04-23 03:12:29,2,Related
SYM,2026-02-16 09:25:02,2,Related
SYAAF,2026-01-26 23:14:41,2,Related
PDFS,2026-01-19 02:38:48,2,Related
EXA,2026-03-11 03:48:32,2,Unrelated
ACLS,2026-01-23 00:02:53,2,Related
WMT,2026-01-02 20:46:56,2,Unrelated
AZZ,2026-04-23 03:12:29,2,Related
PSX,2026-01-04 00:31:04,2,Unrelated
UAVS,2026-01-14 22:34:57,2,Unrelated
PWR,2026-02-07 15:12:56,2,Related
CF,2026-01-03 17:43:52,2,Unrelated
CLF,2026-04-23 03:12:29,2,Related
IONQ,2026-01-25 00:16:57,2,Related
JETS,2026-03-09 23:55:02,2,Unrelated
COST,2026-03-08 23:30:06,2,Unrelated
CDNS,2026-04-21 02:57:12,2,Related
ANET,2026-01-23 09:09:49,2,Related
CRM,2026-05-30 12:24:41,2,Unrelated
IFNNY,2026-02-07 18:53:42,2,Related
VIRT,2026-04-12 21:53:51,1,Unrelated
QCOM,2026-03-30 17:08:11,1,Related
PKE,2026-01-19 02:38:48,1,Related
VIX,2026-02-08 06:10:08,1,Unrelated
XYZ,2026-02-27 22:40:21,1,Unrelated
ZBRA,2026-05-13 07:00:30,1,Related
XRP,2026-01-01 20:50:48,1,Unrelated
VSAT,2026-04-05 12:56:46,1,Unrelated
XPEV,2026-05-13 07:00:30,1,Related
WMB,2026-02-15 23:48:07,1,Related
RELL,2026-01-19 02:38:48,1,Related
PSTG,2026-02-16 17:09:30,1,Related
QQQ,2026-02-08 06:10:08,1,Unrelated
XLS,2026-02-19 11:16:29,1,Unrelated
VREX,2026-01-19 02:38:48,1,Unrelated
VZ,2026-03-22 11:02:15,1,Unrelated
XBOT,2026-05-13 07:00:30,1,Related
QUBT,2026-03-24 10:09:07,1,Related
WFC,2026-03-22 11:02:15,1,Unrelated
WYFI,2025-11-18 00:12:21,1,Related
PFGC,2026-03-11 15:23:11,1,Unrelated
RIOT,2026-01-18 00:27:25,1,Related
TTMI,2026-03-26 16:33:42,1,Related
SLVC,2026-03-24 10:09:07,1,Related
TPU,2026-03-18 09:59:32,1,Related
SMH,2026-04-08 12:49:05,1,Related
SMHSF,2026-05-10 15:30:58,1,Related
TLN,2026-02-15 23:48:07,1,Related
TKR,2026-01-16 15:57:59,1,Unrelated
TIGR,2026-05-22 19:08:08,1,Unrelated
TEM,2026-03-29 23:44:36,1,Related
SNPS,2026-04-21 02:57:12,1,Related
SO,2026-03-22 11:02:15,1,Unrelated
TDW,2026-01-04 11:06:30,1,Unrelated
TAYD,2026-01-19 02:38:48,1,Unrelated
T,2026-03-22 11:02:15,1,Unrelated
SOLZ,2026-01-30 23:45:18,1,Unrelated
SYY,2026-03-11 15:23:11,1,Unrelated
SPOT,2026-02-27 22:40:21,1,Unrelated
SYSS,2026-01-16 15:57:59,1,Related
SYR,2026-03-23 15:37:02,1,Related
SQQQ,2026-03-28 14:31:23,1,Unrelated
SWGAY,2026-05-12 12:29:04,1,Unrelated
SSYS,2026-01-17 08:09:45,1,Unrelated
TSSI,2026-01-02 20:46:56,1,Related
SKY,2026-01-20 16:20:27,1,Related
VGK,2026-02-01 19:14:21,1,Unrelated
SKPJF,2026-04-05 12:56:46,1,Unrelated
RMBS,2026-01-23 00:02:53,1,Related
RMLFF,2026-01-04 11:06:30,1,Unrelated
RR,2026-05-13 07:00:30,1,Related
RRX,2026-01-16 15:57:59,1,Related
RUT,2026-02-01 19:14:21,1,Unrelated
UVIX,2026-03-28 14:31:23,1,Unrelated
SAABF,2026-03-11 03:48:32,1,Unrelated
UUUU,2026-03-23 15:37:02,1,Related
UURAF,2026-03-23 15:37:02,1,Related
USFD,2026-03-11 15:23:11,1,Unrelated
SAFRY,2026-04-05 12:56:46,1,Related
SATL,2026-03-24 14:29:34,1,Unrelated
STX,2026-02-16 17:09:30,1,Related
SCHW,2026-05-08 17:18:44,1,Unrelated
SEIGY,2026-04-21 02:57:12,1,Related
SERV,2026-05-13 07:00:30,1,Related
SGBAF,2026-04-05 12:56:46,1,Unrelated
SHA,2026-05-13 07:00:30,1,Unrelated
SHMN,2026-03-14 05:59:20,1,Related
SHOP,2025-11-18 00:12:21,1,Unrelated
UHR,2026-05-12 12:29:04,1,Unrelated
PGR,2026-03-22 11:02:15,1,Unrelated
LAZ,2026-01-04 00:31:04,1,Unrelated
PESI,2026-01-19 02:38:48,1,Related
BMM,2026-03-23 15:37:02,1,Related
CTH.V,2026-05-13 07:00:30,1,Unknown
CRWD,2026-01-01 20:50:48,1,Related
CRS,2026-03-23 15:37:02,1,Related
CRBS,2026-05-15 07:01:34,1,Unrelated
CORZ,2026-01-18 00:27:25,1,Related
COP,2026-01-04 11:06:30,1,Unrelated
CNEX,2026-03-29 00:44:25,1,Unrelated
CLSK,2025-11-18 00:12:21,1,Related
CHGG,2026-02-27 22:40:21,1,Unrelated
CGNX,2026-05-13 07:00:30,1,Related
CBRS,2026-05-15 07:32:35,1,Related
CATL,2026-05-13 07:00:30,1,Related
CAT,2026-03-22 11:02:15,1,Unrelated
BYND,2026-04-05 14:13:01,1,Unrelated
BXP,2026-03-22 11:02:15,1,Unrelated
BSL,2026-05-13 07:00:30,1,Related
BRK.B,2026-03-22 11:02:15,1,Unknown
CVE,2026-01-03 17:43:52,1,Unrelated
CVV,2026-01-19 02:38:48,1,Related
D,2026-02-15 23:48:07,1,Related
DUK,2026-03-22 11:02:15,1,Related
ESLT,2026-03-11 04:16:08,1,Unrelated
ESE,2026-01-19 02:38:48,1,Unrelated
EOSE,2026-02-28 00:41:05,1,Related
ENTG,2026-01-25 04:46:07,1,Related
EDP,2026-02-07 15:12:56,1,Related
EBAY,2026-02-16 17:09:30,1,Unrelated
EAF,2026-03-23 15:37:02,1,Related
DSCSY,2026-05-10 15:30:58,1,Related
DAL,2026-03-09 23:55:02,1,Unrelated
DRS,2026-03-02 21:01:47,1,Unrelated
DOWA,2026-01-03 05:27:07,1,Related
DOW,2026-04-27 01:09:03,1,Related
DNKG,2026-02-13 08:36:35,1,Unrelated
DJT,2026-01-02 20:46:56,1,Unrelated
DGXX,2026-05-15 22:49:56,1,Related
DE,2026-03-22 11:02:15,1,Unrelated
BRK,2026-02-02 07:27:09,1,Unrelated
BLG,2026-03-24 10:09:07,1,Related
PDY,2026-05-13 07:00:30,1,Related
BKSY,2026-03-24 14:29:34,1,Unrelated
AMT,2026-03-22 11:02:15,1,Unrelated
AMSL,2026-04-30 09:00:27,1,Related
AMBQ,2026-05-13 07:00:30,1,Related
ALTM,2026-03-23 15:37:02,1,Unrelated
ALOY,2026-03-23 15:37:02,1,Related
ALNT,2026-05-13 07:00:30,1,Related
ALL,2026-03-22 11:02:15,1,Unrelated
ALGM,2026-01-16 15:57:59,1,Related
ALB,2026-03-23 15:37:02,1,Unrelated
AKTS,2026-03-24 10:09:07,1,Related
AKAM,2026-01-01 20:50:48,1,Related
ADEA,2026-01-23 00:02:53,1,Related
ACUVI,2026-05-13 07:00:30,1,Related
ACN,2025-11-18 00:12:21,1,Unrelated
ACMR,2026-02-11 22:58:00,1,Related
ACHR,2026-03-14 10:08:42,1,Unrelated
ABB,2026-05-13 07:00:30,1,Related
APO,2026-03-24 11:13:05,1,Unrelated
APP,2026-02-13 08:36:35,1,Unrelated
ARA,2026-03-23 15:37:02,1,Related
AXT,2026-01-12 18:55:59,1,Related
BKR,2026-01-06 09:37:00,1,Unrelated
BITF,2025-11-18 00:12:21,1,Related
BEPC,2026-02-15 23:48:07,1,Related
BBW,2026-01-26 03:24:36,1,Unrelated
BAM,2026-05-13 07:00:30,1,Related
BAC,2026-03-22 11:02:15,1,Unrelated
AYAR,2026-03-17 08:03:37,1,Related
AXIA,2026-04-08 22:42:02,1,Related
ARBE,2026-05-13 07:00:30,1,Related
AUR,2026-05-13 07:00:30,1,Related
ATUS,2026-03-22 11:02:15,1,Unrelated
ATI,2026-03-23 15:37:02,1,Related
ASOZF,2026-01-01 20:50:48,1,Unrelated
ASGLY,2026-05-10 15:30:58,1,Related
ARU,2026-03-23 15:37:02,1,Unrelated
ARKK,2026-03-22 11:02:15,1,Unrelated
EWJ,2026-02-27 03:39:32,1,Unrelated
EXALF,2026-03-11 03:15:16,1,Unrelated
EZU,2026-02-01 19:14:21,1,Unrelated
FAZ,2026-03-28 14:31:23,1,Unrelated
MVL,2026-05-03 15:01:59,1,Related
MSR,2026-04-05 03:00:02,1,Related
MRLN,2026-05-13 07:00:30,1,Unrelated
MPC,2026-01-06 09:37:00,1,Unrelated
MKA,2026-05-13 07:00:30,1,Related
MET,2026-03-22 11:02:15,1,Unrelated
MELI,2026-02-02 12:49:49,1,Unrelated
MEI,2026-03-23 15:37:02,1,Related
MBLY,2026-05-13 07:00:30,1,Related
MA,2026-03-19 17:15:53,1,Unrelated
LYSDY,2026-03-23 15:37:02,1,Related
LULU,2026-04-24 03:21:14,1,Unrelated
LTCC,2026-01-30 23:45:18,1,Unrelated
LIT,2026-01-25 00:16:57,1,Related
LHX,2026-01-03 17:43:52,1,Unrelated
LGO,2026-03-23 15:37:02,1,Unrelated
LG,2026-03-23 09:52:58,1,Related
NB,2026-03-23 15:37:02,1,Related
NET,2026-02-27 22:40:21,1,Related
NFLX,2026-02-27 22:40:21,1,Unrelated
NVT,2026-02-07 18:53:42,1,Related
PDD,2026-05-22 19:08:08,1,Unrelated
PAYP,2026-03-13 13:53:16,1,Unrelated
PATH,2026-01-01 20:50:48,1,Related
OXINF,2026-03-20 16:56:10,1,Related
OPXS,2026-01-19 02:38:48,1,Related
ONET,2026-03-22 20:13:28,1,Related
O,2026-03-22 11:02:15,1,Unrelated
NTU,2026-03-23 15:37:02,1,Related
NIDGY,2026-05-10 15:30:58,1,Related
NTTYY,2026-04-05 12:56:46,1,Related
NTI,2026-01-19 02:38:48,1,Unrelated
NTAP,2026-02-16 17:09:30,1,Related
NSANY,2026-03-11 03:48:32,1,Unrelated
NRGV,2026-02-15 23:48:07,1,Related
NRG,2026-02-15 23:48:07,1,Related
NORBT,2026-03-11 03:48:32,1,Unrelated
LEU,2026-01-29 02:50:13,1,Related
LDOS,2026-01-03 17:43:52,1,Unrelated
LCRX,2026-05-01 14:02:46,1,Related
GILT,2026-04-05 12:56:46,1,Unrelated
HAL,2026-01-06 09:37:00,1,Unrelated
GUSH,2026-03-28 14:31:23,1,Unrelated
GSM,2026-01-19 02:38:48,1,Related
GRZ.V,2026-01-04 11:06:30,1,Unknown
GRZ,2026-01-04 11:06:30,1,Unrelated
GME,2026-02-19 16:57:42,1,Unrelated
GLD,2026-03-28 23:32:25,1,Unrelated
GEMI,2026-01-02 20:46:56,1,Unrelated
HG,2026-05-13 07:00:30,1,Unrelated
GD,2026-03-11 03:48:32,1,Unrelated
FUTU,2026-05-22 19:08:08,1,Unrelated
FSLR,2026-02-15 23:48:07,1,Related
FOCI,2026-03-20 16:56:10,1,Related
FNF,2026-05-08 17:18:44,1,Unrelated
FIT,2026-03-17 20:38:10,1,Related
FEIM,2026-01-19 02:38:48,1,Related
HALEU,2026-01-19 02:38:48,1,Related
HLI,2026-01-04 00:31:04,1,Unrelated
AAL,2026-03-09 23:55:02,1,Unrelated
ITA,2026-02-19 11:16:29,1,Unrelated
KULR,2026-01-19 02:38:48,1,Related
KOPN,2026-05-15 22:49:56,1,Related
KMI,2026-02-15 23:48:07,1,Related
KITT,2026-05-13 07:00:30,1,Unrelated
KDK,2026-05-13 07:00:30,1,Related
JD,2026-02-02 12:49:49,1,Unrelated
JBSS,2026-02-19 11:16:29,1,Unrelated
ISRG,2026-05-13 07:00:30,1,Unrelated
HLIT,2026-05-13 07:00:30,1,Related
INTT,2026-01-19 02:38:48,1,Related
INFN,2026-03-24 10:09:07,1,Related
INDI,2026-05-13 07:00:30,1,Related
IMSR,2026-05-13 07:00:30,1,Related
ILU,2026-03-23 15:37:02,1,Related
HSYDF,2026-05-13 07:00:30,1,Related
HON,2026-01-03 17:43:52,1,Related
ZETA,2026-01-05 20:34:29,1,Unrelated
