Ticker,FirstMention,InitialPrice,CurrentPrice,ChangePct,InitialMarketCap,CurrentMarketCap,Frequency
AXTI,2025-12-26 23:08:13,15.37,105.99,589.59,1005554338.08,6934203272.16,227
SIVEF,2026-03-18 12:40:34,1.365,9.29,580.59,403246303.005,2744438208.7299995,15
MXL,2026-03-17 20:38:10,16.81,94.21,460.44,1505267570.79,8436124797.389999,3
NBCLF,2026-01-23 09:09:49,26.1543,137.95,427.45,952150430.016,5022086304.0,3
AAOI,2025-12-23 08:22:48,40.64,184.07,352.93,3261066050.88,14770286121.69,193
AEHR,2026-01-16 15:57:59,28.81,116.58,304.65,906168247.74,3666820351.32,60
SLOIF,2026-03-02 04:20:10,51.03,189.79,271.92,1822790987.64,6779296522.5199995,11
SNDK,2026-01-21 16:44:48,501.29,1831.5,265.36,74235914787.82,271226391777.0,106
MRVL,2026-01-02 20:46:56,89.281,316.43,254.42,78170262838.613,277051290532.39,115
DELL,2026-01-07 22:37:26,119.1782,421.08,253.32,38736989464.3016,136865395883.04,3
NVTS,2026-03-24 10:09:07,9.28,30.84,232.33,2199272805.12,7308790227.36,19
MU,2026-01-02 20:46:56,315.2876,996.0,215.9,355560562378.0676,1123223114796.0,94
MRAM,2026-03-24 10:09:07,9.29,28.57,207.53,217827990.33,669897274.89,2
LPKFF,2026-01-19 02:38:48,8.3,25.11,202.53,203321331.8,615108270.06,4
WOLF,2026-01-19 02:38:48,20.5,61.67,200.83,990951160.5,2981071125.27,14
INTC,2026-01-01 20:50:48,39.38,111.78,183.85,197923880000.0,561806280000.0,80
OSS,2026-01-02 20:46:56,6.8,19.02,179.71,168429315.6,471106703.34,17
NBIS,2025-11-18 00:12:21,90.54,251.68,177.98,19955587397.94,55471860352.48,74
VPG,2026-01-21 01:28:02,46.81,128.24,173.96,574738469.53,1574545211.12,31
KORU,2026-02-13 20:16:49,447.3549,1196.72,167.51,,,4
ARM,2026-03-25 03:56:18,157.07,411.83,162.2,167763130833.19998,439866875730.8,34
HUT,2026-01-01 20:50:48,51.27,131.29,156.08,5772700122.240001,14782480964.48,2
HIMX,2026-03-14 05:59:20,9.56,23.93,150.31,1667511737.8400002,4174012122.02,8
STM,2026-02-07 21:44:23,32.4176,78.36,141.72,28812572588.688,69645908026.8,6
LITE,2025-12-22 16:27:15,389.88,938.0,140.59,30332664000.0,72976400000.0,248
DRAM,2026-04-03 10:35:36,29.16,69.71,139.06,,,5
AMD,2026-01-01 20:50:48,223.47,523.2,134.13,364390324797.33,853130254324.8,53
VSH,2026-04-23 03:12:29,27.33,63.67,132.97,3389157197.0699997,7895632591.93,2
MEI,2026-03-23 15:37:02,5.461,12.72,132.92,193485529.081,450674955.12,1
SIMO,2026-02-16 17:09:30,131.0919,294.67,124.78,4445042515.0365,9991621739.45,7
STX,2026-02-16 17:09:30,415.2157,925.99,123.01,93103397873.5744,207633804302.08,1
COHR,2025-12-22 16:27:15,190.98,421.9,120.91,37363197524.579994,82540229529.9,133
UMC,2026-03-17 20:38:10,9.52,20.79,118.38,23888410088.48,52168072031.46,3
WULF,2025-11-18 00:12:21,12.0,26.19,118.25,5946391740.0,12977999972.55,4
POET,2026-01-01 20:50:48,7.16,15.48,116.2,1235783106.96,2671776884.88,69
SMTOY,2025-12-26 23:08:13,40.2,86.69,115.65,31352778975.000004,67611253963.75,6
SANM,2026-03-26 16:33:42,130.97,280.13,113.89,7019695352.95,15014333505.55,2
TRT,2026-04-03 11:21:21,6.02,12.67,110.47,60877845.98,128126629.33,3
SMTC,2026-01-23 00:02:53,80.52,169.35,110.32,7500532047.36,15775150300.8,8
VICR,2026-01-16 15:57:59,149.88,306.12,104.24,5075489707.32,10366352476.68,9
WDC,2026-02-16 17:09:30,283.9741,575.5,102.66,97880797936.80711,198364566390.5,3
ON,2026-02-07 18:53:42,65.1,131.82,102.49,25311087734.1,51252036637.619995,4
ALAB,2026-01-01 20:50:48,179.56,363.54,102.46,30778009526.84,62313642144.060005,5
IFNNY,2026-02-07 18:53:42,49.5184,99.09,100.11,64349143914.2256,128767421210.31,2
BE,2026-02-15 23:48:07,145.32,287.32,97.72,41335382897.759995,81726412153.76,3
MTSI,2026-01-10 23:48:57,197.55,390.34,97.59,15072230153.7,29781292423.16,45
GFS,2026-01-20 06:23:23,43.62,85.99,97.13,23921925112.8,47158329675.6,27
VECO,2026-01-23 00:02:53,32.35,63.66,96.79,1974433239.75,3885391655.1,5
INTT,2026-01-19 02:38:48,8.77,17.21,96.24,110192041.89,216237746.97,1
APLD,2025-11-18 00:12:21,22.84,44.71,95.75,6526976270.76,12776756088.69,2
AEVA,2026-02-10 02:24:50,12.94,25.31,95.6,815748223.74,1595563179.51,12
FLKR,2026-01-13 08:52:08,35.2,68.72,95.23,,,4
TSEM,2026-02-11 11:05:38,134.44,261.31,94.37,15168185471.36,29482286116.64,82
ASX,2026-01-25 04:46:07,19.83,38.4,93.65,43505944995.869995,84247518297.59999,9
TTMI,2026-03-26 16:33:42,95.93,184.84,92.68,9962336159.87,19195644905.56,1
NOK,2026-03-14 05:59:20,8.65,16.62,92.14,48288920579.15,92781717922.02,20
QCOM,2026-03-30 17:08:11,126.6024,242.57,91.6,133438929600.0,255668780000.0,1
EWY,2026-01-13 08:52:08,107.54,203.97,89.67,8130024000.0,15420132000.0,68
ATOM,2026-03-24 10:09:07,4.82,9.1,88.8,186611120.0,352315600.0,2
TSSI,2026-01-02 20:46:56,7.69,14.49,88.43,215888721.64,406791622.44,1
AKAM,2026-01-01 20:50:48,85.1,158.98,86.82,12372301880.099998,23113378999.98,1
VRT,2026-02-05 06:48:03,177.7077,331.44,86.51,68259094241.0832,127309025975.04,10
NRGV,2026-02-15 23:48:07,3.15,5.86,86.03,561475523.6999999,1044522720.28,1
LSCC,2026-01-10 23:48:57,83.1,151.92,82.82,11385352916.7,20814233635.44,3
CIFR,2025-11-18 00:12:21,14.58,26.24,79.97,5963937292.26,10733450929.28,10
NTAP,2026-02-16 17:09:30,100.5549,178.87,77.88,19842538638.96,35296488648.0,1
TER,2026-01-23 00:02:53,228.9977,406.86,77.67,35847795051.027405,63690744031.32,11
ACLS,2026-01-23 00:02:53,91.12,161.87,77.64,2800472694.6400003,4974895907.39,2
LASR,2026-01-24 06:24:24,43.58,76.39,75.29,2458291538.22,4309061280.51,14
FORM,2026-01-23 00:02:53,73.2,126.61,72.96,5706289310.400001,9869853682.92,11
VIAV,2026-03-17 20:38:10,30.84,53.21,72.54,7607785353.48,13126143276.87,3
AMKR,2026-01-02 20:46:56,42.7898,73.82,72.52,10606415470.7164,18297949278.76,17
ALM,2026-01-26 23:14:41,11.58,19.96,72.37,3285730611.42,5663487306.04,3
CSCO,2026-01-01 20:50:48,75.6302,130.0,71.89,298091492000.883,512386506450.0,6
ADEA,2026-01-23 00:02:53,19.2417,32.36,68.18,2122239230.1333,3569105717.64,1
BESIY,2026-02-07 18:53:42,198.8919,332.7,67.28,15755162986.4976,26354732020.8,2
OUST,2026-01-16 15:57:59,26.36,43.96,66.77,1678418935.64,2799062838.04,3
WYFI,2025-11-18 00:12:21,16.86,28.03,66.25,651035681.76,1082356474.48,1
RELL,2026-01-19 02:38:48,10.3997,17.22,65.58,130206854.3247,215598722.22,1
CRWD,2026-01-01 20:50:48,453.58,747.61,64.82,115465511055.6,190315205080.2,1
EAF,2026-03-23 15:37:02,6.02,9.92,64.78,156808261.67999998,258395009.28,1
CLSK,2025-11-18 00:12:21,10.81,17.61,62.9,2773939030.86,4518877551.66,1
LWLG,2026-03-16 16:54:18,7.62,12.18,59.84,1174086795.84,1876689917.76,15
ALGM,2026-01-16 15:57:59,33.35,53.11,59.25,6210517240.1,9890271982.66,1
CLF,2026-04-23 03:12:29,9.09,14.43,58.75,5185069232.13,8231083500.51,2
PDFS,2026-01-19 02:38:48,35.63,56.39,58.27,1491746863.6,2360920730.8,2
CORZ,2026-01-18 00:27:25,18.36,28.93,57.57,5836373961.12,9196421497.56,1
AMAT,2026-01-25 04:46:07,318.6659,501.7,57.44,253007796324.437,398329446031.0,5
IONQ,2026-01-25 00:16:57,43.37,68.23,57.32,16188717644.759998,25468208552.04,2
MKSI,2026-01-19 02:38:48,210.2981,330.23,57.03,14204401994.8549,22305097719.67,2
MTRN,2026-01-19 02:38:48,145.3419,227.44,56.49,3023327352.7215004,4731089748.4,5
BMM,2026-03-23 15:37:02,4.98,7.74,55.42,522126561.18000007,811497908.34,1
NVT,2026-02-07 18:53:42,114.4514,176.39,54.12,18509132140.032803,28525870528.28,1
NET,2026-02-27 22:40:21,172.19,265.33,54.09,55019586586.5,84780457105.5,1
RIOT,2026-01-18 00:27:25,18.1,27.65,52.76,6844537263.000001,10455881509.5,1
PENG,2026-05-15 22:49:56,46.82,71.41,52.52,2375998324.56,3623879546.28,4
SKYT,2026-01-05 20:34:29,25.16,38.37,52.5,1237987786.32,1887980578.74,3
TSM,2025-12-22 16:27:15,292.4559,444.92,52.13,1516814925298.5266,2307566017863.96,102
SMCI,2026-01-02 20:46:56,30.96,46.9,51.49,18619916202.72,28206526805.8,11
GLW,2026-02-07 18:53:42,130.9445,197.7,50.98,112695789675.71252,170148098002.5,12
QUBT,2026-03-24 10:09:07,7.45,11.2,50.34,1680235653.15,2525991854.3999996,1
CRDO,2026-01-01 20:50:48,143.22,214.6,49.84,26416920406.8,39582957124.0,12
SMH,2026-04-08 12:49:05,422.92,627.53,48.38,4935857028.0,7323839877.0,1
KLIC,2026-02-25 01:02:29,72.5231,107.52,48.26,3795342471.9587,5626830935.04,3
CRWV,2025-11-18 00:12:21,74.9,110.93,48.1,33523288031.1,49649377053.27,14
RMBS,2026-01-23 00:02:53,115.31,169.35,46.86,12469273664.77,18312995361.45,1
CPSH,2026-01-19 02:38:48,5.36,7.78,45.15,103278881.28,149908525.44,4
CIEN,2026-03-17 20:38:10,370.05,535.63,44.75,52398173377.5,75843895706.5,3
CVV,2026-01-19 02:38:48,4.18,6.02,44.02,29011327.619999997,41781864.18,1
OXINF,2026-03-20 16:56:10,30.4505,43.8,43.84,1681148993.0705,2418164755.7999997,1
ALNT,2026-05-13 07:00:30,62.4705,89.8,43.75,1061780602.896,1526286777.6,1
ASGLY,2026-05-10 15:30:58,7.15,10.16,42.1,7593078099.75,10789604684.4,1
KLAC,2026-01-23 00:02:53,1508.891,2131.1001,41.24,197102690789.211,278380323065.8521,6
JBL,2026-03-19 14:58:23,265.2501,373.82,40.93,27984581035.762196,39438990156.04,71
TE,2026-01-05 20:34:29,8.2,11.5,40.24,2290025316.0,3211620870.0,3
PWR,2026-02-07 15:12:56,514.4589,719.17,39.79,77199779188.3761,107918757356.33,2
FLNC,2026-02-15 23:48:07,17.78,24.85,39.76,2361388292.2000003,3300365526.5,9
NEO,2026-03-23 15:37:02,8.1,11.31,39.63,1054715418.0,1472695231.8,3
FSLR,2026-02-15 23:48:07,226.05,314.95,39.33,24289832706.15,33842436676.85,1
EOSE,2026-02-28 00:41:05,5.9,8.2,38.98,2003132759.3,2784015021.3999996,1
AA,2026-01-26 23:14:41,58.3609,80.86,38.55,15400850605.8875,21338135292.5,3
BOT,2026-05-13 07:00:30,21.01,28.97,37.89,425960269.68,587342646.9599999,4
MOD,2026-02-07 18:53:42,219.13,301.21,37.46,11573522967.05,15908642599.849998,2
MPWR,2026-02-07 18:53:42,1203.7733,1652.6,37.28,59141382229.0,81192238000.0,2
IREN,2025-11-18 00:12:21,48.85,65.48,34.04,17457948224.9,23401155573.52,61
RRX,2026-01-16 15:57:59,159.7955,213.86,33.83,10637518202.3215,14236568881.78,1
LPTH,2026-01-15 01:53:03,13.17,17.62,33.79,826936490.1899999,1106349351.3400002,22
PKE,2026-01-19 02:38:48,24.9094,32.92,32.16,520054940.9746,687299118.2800001,1
ONTO,2026-01-23 00:02:53,211.88,279.98,32.14,10539666975.96,13927203888.660002,12
CRS,2026-03-23 15:37:02,373.0158,492.62,32.06,18533518308.6696,24476126183.44,1
LRCX,2026-04-30 09:00:27,257.86,336.41,30.46,322472238060.0,420704590110.00006,2
ALMU,2026-01-17 16:07:09,20.55,26.8,30.41,376174634.25,490582978.0,4
POWL,2026-04-09 18:27:36,230.7306,300.06,30.05,8405896232.7594,10931680598.94,8
VLN,2026-01-09 22:45:15,2.48,3.22,29.84,262191584.24,340426169.86,12
FEIM,2026-01-19 02:38:48,56.18,72.42,28.91,552919458.86,712752353.34,1
ANET,2026-01-23 09:09:49,136.34,174.37,27.89,171675161176.92,219561374904.06,2
SHMN,2026-03-14 05:59:20,0.0009,0.0012,27.78,2606049.8918999997,3474733.1892,1
PL,2026-03-21 00:03:20,33.82,43.13,27.53,11258657708.0,14357951122.0,4
ATEYY,2026-04-06 01:24:11,138.95,177.0,27.38,100792395399.15,128393335629.0,3
KOPN,2026-05-15 22:49:56,5.05,6.39,26.53,923747565.5,1168860780.9,1
CDNS,2026-04-21 02:57:12,325.84,411.68,26.34,89871885440.0,113547930880.0,2
ACMR,2026-02-11 22:58:00,70.68,88.86,25.72,4531837551.72,5697496955.94,1
SEIGY,2026-04-21 02:57:12,3.78,4.745,25.53,311070322.08,390483777.32,1
NB,2026-03-23 15:37:02,4.67,5.8,24.2,679891514.16,844404878.4,1
ATI,2026-03-23 15:37:02,146.38,181.1,23.72,19976541104.26,24714794329.7,1
IMSR,2026-05-13 07:00:30,7.12,8.77,23.17,588956197.04,725441832.5899999,1
TECK,2026-01-26 23:14:41,54.6529,67.28,23.1,26341871612.110703,32427942928.24,3
AVGO,2025-12-22 16:27:15,340.7353,418.91,22.94,1613268584075.695,1983399848959.44,88
NOVT,2026-01-16 15:57:59,134.57,165.1,22.69,4792287731.059999,5879517755.8,2
UURAF,2026-03-23 15:37:02,3.63,4.44,22.31,422669192.22,516983805.3600001,1
KEYS,2026-03-17 20:38:10,287.38,350.48,21.96,49066828693.1,59840427727.600006,6
ASML,2026-02-27 01:55:14,1447.3987,1757.47,21.42,557853027278.0355,677359983707.55,10
ENTG,2026-01-25 04:46:07,115.4541,139.88,21.16,17583659430.0,21303724000.0,1
CAMT,2026-02-07 18:53:42,150.44,181.16,20.42,6926931119.88,8341417453.32,7
GOOGL,2025-12-22 16:27:15,309.5621,372.19,20.23,1810667356869.204,2176985760056.38,105
KULR,2026-01-19 02:38:48,3.79,4.55,20.05,175314655.35,210470100.75,1
GEV,2026-02-07 15:12:56,801.0556,959.36,19.76,215259656826.722,257799214403.2,2
NVDA,2025-12-22 16:27:15,183.4662,218.66,19.18,4443734830200.0,5296163860000.0,234
ALOY,2026-03-23 15:37:02,11.58,13.8,19.17,708852306.84,844746272.4000001,1
ATKR,2026-04-23 03:12:29,71.7508,85.02,18.49,2422828349.3128,2870892955.3199997,3
INFQ,2026-02-18 22:54:07,14.71,17.41,18.35,3209676266.61,3798807872.31,3
ERIC,2026-03-24 11:51:08,11.2939,13.35,18.21,34573383317.9586,40867607052.9,5
AAPL,2026-02-18 07:37:34,264.1067,311.23,17.84,3879029124885.2,4571145807880.0,32
AMBQ,2026-05-13 07:00:30,71.29,82.8,16.15,1523877502.66,1769912431.2,1
FN,2026-02-25 20:41:36,615.99,714.78,16.04,22070761542.6,25610381557.2,26
PLPC,2026-04-23 03:12:29,328.8,376.3,14.45,1607178345.6,1839358915.6,4
FCX,2026-01-26 23:14:41,61.0356,69.69,14.18,87742328896.194,100183546991.85,3
TEM,2026-03-29 23:44:36,42.37,47.51,12.13,7394453837.86,8291491664.78,1
LIT,2026-01-25 00:16:57,74.48,83.28,11.82,,,1
ETN,2026-02-07 18:53:42,374.852,418.61,11.67,145555031600.0,162546263000.0,7
AMZN,2025-12-22 16:27:15,228.43,253.79,11.1,2457246508465.48,2730046803762.44,98
EOS,2026-04-03 11:21:21,20.5492,22.73,10.61,1095601455.438,1211873020.95,4
VMI,2026-04-23 03:12:29,494.44,544.88,10.2,9598885600.44,10578110156.88,2
HLIT,2026-05-13 07:00:30,13.35,14.61,9.44,1448427420.6,1585132929.96,1
HON,2026-01-03 17:43:52,199.0029,217.64,9.37,126098808275.0451,137908264819.16,1
TDY,2026-01-19 02:38:48,566.23,618.59,9.25,26232947809.74,28658741475.42,3
TXN,2026-04-23 02:27:07,280.8032,305.37,8.75,255556968009.7312,277915035587.67,3
SBGSY,2026-02-07 18:53:42,60.572,65.8,8.63,170403952157.86002,185111603579.0,2
TEL,2026-03-17 20:38:10,203.5532,220.75,8.45,59416323953.0068,64435997629.25,2
INDI,2026-05-13 07:00:30,4.51,4.88,8.2,952911545.41,1031088324.08,1
PSTG,2026-02-16 17:09:30,72.69,78.51,8.01,24021205001.7,25944487614.300003,1
ORCL,2025-11-18 00:12:21,219.1433,236.34,7.85,630266211391.8,679724711640.0,24
AMBA,2026-01-16 15:57:59,68.73,73.8,7.38,3015060355.05,3237472053.0,4
ARBE,2026-05-13 07:00:30,1.01,1.08,6.93,123876240.43,132461722.44,1
SAFRY,2026-04-05 12:56:46,82.3561,87.33,6.04,136857839768.4816,145123374552.48,1
SNPS,2026-04-21 02:57:12,467.58,494.48,5.75,89531902783.5,94682696626.0,1
SPXC,2026-04-23 03:12:29,223.96,236.14,5.44,11212521342.44,11822311081.46,2
USAR,2026-01-26 23:14:41,26.72,27.98,4.72,6537294545.44,6845565171.46,5
XPEV,2026-05-13 07:00:30,16.68,17.46,4.68,13033694637.48,13643183955.06,1
META,2025-11-18 00:12:21,596.6921,622.98,4.41,1310363053599.4548,1368092480412.24,88
AKTS,2026-03-24 10:09:07,18.63,19.37,3.97,994928033.34,1034447450.66,1
SHMD,2026-04-21 12:43:57,6.19,6.42,3.72,357787348.16,371081546.88,2
D,2026-02-15 23:48:07,64.3138,66.5,3.4,56564789993.4792,58487580186.0,1
COPX,2026-01-25 00:16:57,88.08,90.22,2.43,,,3
RGTI,2026-01-02 20:46:56,23.6,24.095,2.1,7844611845.200001,8009149254.665,6
MBLY,2026-05-13 07:00:30,10.53,10.74,1.99,2573722866.7799997,2625050673.24,1
APH,2026-02-07 18:53:42,143.9156,146.77,1.98,177049928292.842,180561509492.65,6
CGNX,2026-05-13 07:00:30,63.5546,64.67,1.75,10576721640.5246,10762345896.17,1
WMB,2026-02-15 23:48:07,71.4461,72.43,1.38,87378456341.0165,88581764333.95001,1
DGXX,2026-05-15 22:49:56,7.54,7.62,1.06,681773012.96,689006678.88,1
U,2026-02-10 02:24:50,29.06,29.22,0.55,12685707012.82,12755552612.34,3
AMSC,2026-04-23 03:12:29,46.15,46.4,0.54,2201098636.75,2213022248.0,5
KMI,2026-02-15 23:48:07,31.8357,31.7,-0.43,70828885352.1249,70526976496.9,1
ZBRA,2026-05-13 07:00:30,246.76,245.48,-0.52,11754015809.92,11693045068.16,1
POWI,2026-05-27 10:49:43,86.6854,85.3,-1.6,4830109101.0336,4752914635.2,7
BSL,2026-05-13 07:00:30,13.1253,12.89,-1.79,170890592.23139998,167827000.82,1
QBTS,2026-01-02 20:46:56,28.13,27.55,-2.06,10331279051.62,10118262988.7,2
TLN,2026-02-15 23:48:07,388.28,379.59,-2.24,17625973317.96,17231490707.129997,1
UUUU,2026-03-23 15:37:02,17.79,17.37,-2.36,4445133930.0,4340189790.0,1
LYSDY,2026-03-23 15:37:02,13.66,13.33,-2.42,13748830980.0,13416684990.0,1
DUK,2026-03-22 11:02:15,126.249,121.82,-3.51,98423242800.033,94970411154.94,1
BZAI,2026-04-03 11:21:21,1.87,1.79,-4.28,266099992.07,254716035.19,3
RR,2026-05-13 07:00:30,2.82,2.695,-4.43,517924378.14,494966737.265,1
BAM,2026-05-13 07:00:30,47.35,45.25,-4.44,75606830089.25,72253623263.75,1
TSLA,2026-01-01 20:50:48,438.07,418.45,-4.48,1645269956168.97,1571582653819.95,34
XLU,2026-02-20 02:48:04,46.0083,43.94,-4.5,7511959174.2,7174259560.0,16
SERV,2026-05-13 07:00:30,8.63,8.24,-4.52,734328693.5300001,701143503.44,1
YSS,2026-05-01 14:02:46,31.97,30.44,-4.79,4146331822.26,3947899301.52,5
AZZ,2026-04-23 03:12:29,146.59,138.48,-5.53,4400136032.62,4156701260.64,2
DOW,2026-04-27 01:09:03,37.7165,35.4,-6.14,27183844446.327003,25514246905.2,1
NEE,2026-02-15 23:48:07,92.0821,85.68,-6.95,192046921135.89175,178694667073.44,5
NTTYY,2026-04-05 12:56:46,24.7,22.96,-7.04,80446541351.8,74779457062.24,1
HSYDF,2026-05-13 07:00:30,47.43,43.992,-7.25,4490045802.2699995,4164581381.688,1
DSCSY,2026-05-10 15:30:58,47.1,43.27,-8.13,51085613775.0,46931518217.5,1
PLAB,2026-01-19 02:38:48,34.44,31.52,-8.48,2030802609.36,1858620738.88,5
UAMY,2026-01-26 23:14:41,9.5,8.65,-8.95,1407763409.0,1281805630.3,3
VST,2026-02-15 23:48:07,173.4434,153.8,-11.33,58482073670.311195,51858663578.4,4
BEPC,2026-02-15 23:48:07,43.523,38.57,-11.38,6426689134.838,5695319714.42,1
CEG,2026-02-15 23:48:07,302.1351,267.24,-11.55,107893053616.4967,95431943023.08,6
MSFT,2025-11-18 00:12:21,490.6824,428.05,-12.76,3645002168802.01,3179741475047.2,97
KDK,2026-05-13 07:00:30,7.99,6.89,-13.77,1543273789.38,1330808061.1799998,1
SYM,2026-02-16 09:25:02,55.32,47.21,-14.66,7037556536.52,6005839553.31,2
PLTR,2026-01-02 20:46:56,167.86,142.2,-15.29,385418534125.24005,326501343694.8,14
AEIS,2026-04-23 03:12:29,382.3519,320.92,-16.07,15298150724.1983,12840220044.44,2
AUR,2026-05-13 07:00:30,8.4,6.95,-17.26,13892456810.400002,11494354146.7,1
AXIA,2026-04-08 22:42:02,12.13,9.98,-17.72,23972588990.1,19723531584.6,1
GSM,2026-01-19 02:38:48,5.0397,4.1,-18.65,941720947.5249,766128119.6999999,1
OPXS,2026-01-19 02:38:48,14.81,11.99,-19.04,103075719.13,83448877.27,1
MSR,2026-04-05 03:00:02,23.6575,18.74,-20.79,,,1
SKY,2026-01-20 16:20:27,94.17,74.58,-20.8,5169354231.18,4093983631.32,1
SLNH,2025-11-18 00:12:21,1.94,1.51,-22.16,306029866.76,238198504.54,3
NRG,2026-02-15 23:48:07,172.9204,133.39,-22.86,36483864786.988,28143485233.299995,1
CBRS,2026-05-15 07:32:35,279.72,214.94,-23.16,9650340000.0,7415430000.0,1
BABA,2026-02-02 12:49:49,168.39,127.21,-24.46,403990173418.05,305193835503.95,2
PESI,2026-01-19 02:38:48,13.71,10.24,-25.31,290591017.92,217042452.48,1
PATH,2026-01-01 20:50:48,15.88,11.67,-26.51,7237352733.08,5318633903.97,1
LEU,2026-01-29 02:50:13,301.5,186.69,-38.08,5714508591.0,3538446463.86,1
SYAAF,2026-01-26 23:14:41,0.226,0.094,-58.41,520960598.14,216682726.66,2
SIVE,2026-03-16 16:54:18,,,,,,324
SOI,2026-03-11 23:18:28,,,,,,131
IQE,2026-01-19 02:38:48,,,,,,98
RPI,2026-02-16 23:12:37,,,,,,47
LPK,2026-04-03 11:21:21,,,,,,38
XFAB,2026-05-27 15:29:00,,,,,,32
ALRIB,2026-04-09 01:21:19,,,,,,26
APPL,2026-01-14 16:23:19,,,,,,12
VNP,2026-01-19 02:38:48,,,,,,6
QLCM,2026-02-07 18:53:42,,,,,,5
TOWA,2026-04-30 05:40:20,,,,,,3
AIXA,2026-03-20 16:56:10,,,,,,3
BESI,2026-01-25 04:46:07,,,,,,3
KOSPI,2026-02-27 08:51:39,,,,,,2
ASE,2026-04-06 01:24:11,,,,,,2
LPKK,2026-04-21 12:43:57,,,,,,2
LPKF,2026-04-29 02:44:53,,,,,,2
KLA,2026-05-01 14:02:46,,,,,,2
SMHN,2026-03-17 20:38:10,,,,,,2
XBOT,2026-05-13 07:00:30,,,,,,1
SLVC,2026-03-24 10:09:07,,,,,,1
TPU,2026-03-18 09:59:32,,,,,,1
SMHSF,2026-05-10 15:30:58,,,,,,1
SYSS,2026-01-16 15:57:59,,,,,,1
SYR,2026-03-23 15:37:02,,,,,,1
CATL,2026-05-13 07:00:30,,,,,,1
EDP,2026-02-07 15:12:56,,,,,,1
DOWA,2026-01-03 05:27:07,,,,,,1
BLG,2026-03-24 10:09:07,,,,,,1
PDY,2026-05-13 07:00:30,,,,,,1
AMSL,2026-04-30 09:00:27,,,,,,1
ACUVI,2026-05-13 07:00:30,,,,,,1
ABB,2026-05-13 07:00:30,,,,,,1
ARA,2026-03-23 15:37:02,,,,,,1
AXT,2026-01-12 18:55:59,,,,,,1
BITF,2025-11-18 00:12:21,,,,,,1
AYAR,2026-03-17 08:03:37,,,,,,1
MVL,2026-05-03 15:01:59,,,,,,1
MKA,2026-05-13 07:00:30,,,,,,1
LG,2026-03-23 09:52:58,,,,,,1
ONET,2026-03-22 20:13:28,,,,,,1
NTU,2026-03-23 15:37:02,,,,,,1
NIDGY,2026-05-10 15:30:58,,,,,,1
LCRX,2026-05-01 14:02:46,,,,,,1
FOCI,2026-03-20 16:56:10,,,,,,1
FIT,2026-03-17 20:38:10,,,,,,1
HALEU,2026-01-19 02:38:48,,,,,,1
INFN,2026-03-24 10:09:07,,,,,,1
ILU,2026-03-23 15:37:02,,,,,,1
